Algorithm,Total Time (s),Peak Memory (bytes),Current Memory (bytes),Average Path Cost
A*,131.07949471473694,11442,150650,1066.6822138637233
Bidirectional Heuristic,29.0894739627838,49440,128,1066.6822138637233
IDS,832.88938164711,7456,24616,1589.098155100432
Bidirectional Search,81.77452325820923,70760,144,1169.2037564799512
